Model,Train Accuracy,Test Accuracy,ROC AUC,CV Mean,Best Iteration
Random Forest,0.7342495284289949,0.7255874110799742,0.8384644448379743,0.7215305847480462,3
XGBoost,0.7626515763945029,0.7099590428971762,0.8361144566570359,0.7035030988951766,3
Gradient Boosting,0.7547830773376448,0.7179348997628799,0.8380215611096136,0.7069253570466183,3
