Model,Train Accuracy,Test Accuracy,ROC AUC,CV Mean,Best Iteration
Random Forest,0.7274609748327493,0.7242673085091321,0.8313896338266978,0.7209832523239779,3
XGBoost,0.7577430887402216,0.7048704516494407,0.8280733506449479,0.7075324417214234,3
Gradient Boosting,0.7511238540228664,0.7100382273821323,0.8327432910043303,0.7109305559144661,3
