Model,Train Accuracy,Test Accuracy,ROC AUC,CV Mean,Best Iteration
Random Forest,0.7308542171921315,0.7259107566285837,0.8330153160819488,0.7227162489894907,3
XGBoost,0.7613850714093237,0.7064022418624704,0.82916328246219,0.7081110212880625,3
Gradient Boosting,0.758636486122339,0.7065100237120069,0.8300801832835115,0.7119105362436001,3
