Feature,RF_Norm,XGB_Norm,Perm_Norm,SHAP_Norm,Average_Importance
IS_RUSH_HOUR,1.0,1.0,1.0,0.9999999999999998,1.0
IS_NIGHT,0.5884603191163309,0.7901044,0.5044765713866365,1.0,0.7207603199234103
POOR_LIGHTING,0.6502370285865823,0.4841814,0.3928007925732947,0.49025706612266523,0.504369072849078
IS_WEEKEND,0.4248792850827827,0.15902671,0.4163761787693098,0.25854992062427806,0.31470802416388866
ADVERSE_WEATHER,0.39658839481938707,0.14204113,0.36532675301801637,0.25854992062427795,0.2906265500789347
