city,n,mean_crash_probability,mean_final_safety_score,near_miss_rate
miami,260,33.60946000036301,66.39053999963699,0.046153846153846156
pittsburgh,205,32.7147961358686,67.2852038641314,0.03414634146341464
washington-dc,124,31.741065607224257,68.25893439277574,0.016129032258064516
austin,229,29.557114333940337,70.44288566605965,0.008733624454148471
dearborn,122,28.76765168032443,71.23234831967558,0.00819672131147541
palo-alto,60,28.287931069383983,71.71206893061601,0.0
